"Authors","Author full names","Author(s) ID","Title","Year","Source title","Volume","Issue","Art. No.","Page start","Page end","Cited by","DOI","Link","Affiliations","Authors with affiliations","Abstract","Author Keywords","Index Keywords","Publisher","ISSN","ISBN","CODEN","PubMed ID","Language of Original Document","Abbreviated Source Title","Document Type","Publication Stage","Open Access","Source","EID"
"van Oosten J.M.F.; Vandenbosch L.; Peter J.","van Oosten, Johanna M.F. (55524286700); Vandenbosch, Laura (52564604400); Peter, Jochen (7202157095)","55524286700; 52564604400; 7202157095","Predicting the use of visually oriented social media: The role of psychological well-being, body image concerns and sought appearance gratifications","2023","Computers in Human Behavior","144","","107730","","","25","10.1016/j.chb.2023.107730","https://www.scopus.com/pages/publications/85149793831?origin=resultslist","Amsterdam School of Communication Research (ASCoR), University of Amsterdam, Nieuwe Achtergracht 166, WV, Amsterdam, 1018, Netherlands; School for Mass Communication Research, KU Leuven, Parkstraat 42, Leuven, 3000, Belgium","van Oosten J.M.F., Amsterdam School of Communication Research (ASCoR), University of Amsterdam, Nieuwe Achtergracht 166, WV, Amsterdam, 1018, Netherlands; Vandenbosch L., School for Mass Communication Research, KU Leuven, Parkstraat 42, Leuven, 3000, Belgium; Peter J., Amsterdam School of Communication Research (ASCoR), University of Amsterdam, Nieuwe Achtergracht 166, WV, Amsterdam, 1018, Netherlands","The present study examined the antecedents of visually oriented social media use based on the Transactional Model of Social Media and Body Image Concerns. Specifically, we studied how self-esteem, depressive symptoms, body dissatisfaction, and appearance consciousness within the social media context are, via two social media gratifications (i.e., appearance related self-validation and social comparison), related to the use of visually oriented social media platforms (i.e., Instagram and Snapchat). Based on data from a two-wave panel survey among 1852 social media users aged 13–25, we found that appearance consciousness and high self-esteem were significant predictors of the gratifications self-validation and social comparison. Increased body dissatisfaction also predicted social comparison. Appearance consciousness and self-esteem indirectly predicted the selection of visually oriented social media platforms via self-validation. These findings enhance our theoretical understanding of visually oriented social media use and its underlying mechanisms. © 2023 The Authors","Adolescents; Body image; Emerging adults; Longitudinal research; Youth","Adolescent; Body image; Emerging adult; Longitudinal research; Media use; Self esteem; Self validations; Social media; Social media platforms; Youth; Social networking (online)","Elsevier Ltd","07475632","","CHBEE","","English","Comput. Hum. Behav.","Article","Final","All Open Access; Green Open Access; Hybrid Gold Open Access","Scopus","2-s2.0-85149793831"
"Hilty D.M.; Stubbe D.; Mckean A.J.; Hoffman P.E.; Zalpuri I.; Myint M.T.; Joshi S.V.; Pakyurek M.; Li S.-T.T.","Hilty, Donald M. (6603862457); Stubbe, Dorothy (6603664038); Mckean, Alastair J. (55087159100); Hoffman, Pamela E. (57201519983); Zalpuri, Isheeta (56479214000); Myint, Myo T. (57203309228); Joshi, Shashank V. (55466287900); Pakyurek, Murat (6507097551); Li, Su-Ting T. (16069023800)","6603862457; 6603664038; 55087159100; 57201519983; 56479214000; 57203309228; 55466287900; 6507097551; 16069023800","A scoping review of social media in child, adolescents and young adults: research findings in depression, anxiety and other clinical challenges","2023","BJPsych Open","9","5","e152","","","43","10.1192/bjo.2023.523","https://www.scopus.com/pages/publications/85169324181?origin=resultslist","Department of Psychiatry and Behavioral Sciences, University of California, Davis, CA, United States; Child Study Center, Yale School of Medicine, CT, United States; Department of Psychiatry and Psychology, Mayo Clinic, MN, United States; Department of Psychiatry & Behavioral Science, Yale School of Medicine, CT, United States; Department of Psychiatry & Behavioral Science, Stanford University Medical Center, CA, United States; Department of Psychiatry & Behavioral Science, Tulane University, School of Medicine, LA, United States; Division of Child and Adolescent Psychiatry, University of California, Davis School of Medicine, CA, United States; Department of Pediatrics, University of California, Davis School of Medicine, CA, United States; Mental Health, Veterans Affairs Northern California Health Care System, CA, United States","Hilty D.M., Department of Psychiatry and Behavioral Sciences, University of California, Davis, CA, United States, Mental Health, Veterans Affairs Northern California Health Care System, CA, United States; Stubbe D., Child Study Center, Yale School of Medicine, CT, United States; Mckean A.J., Department of Psychiatry and Psychology, Mayo Clinic, MN, United States; Hoffman P.E., Department of Psychiatry & Behavioral Science, Yale School of Medicine, CT, United States; Zalpuri I., Department of Psychiatry & Behavioral Science, Stanford University Medical Center, CA, United States; Myint M.T., Department of Psychiatry & Behavioral Science, Tulane University, School of Medicine, LA, United States; Joshi S.V., Department of Psychiatry & Behavioral Science, Stanford University Medical Center, CA, United States; Pakyurek M., Division of Child and Adolescent Psychiatry, University of California, Davis School of Medicine, CA, United States; Li S.-T.T., Department of Pediatrics, University of California, Davis School of Medicine, CA, United States","Background: Social media and other technologies are reshaping communication and health. Aims: This review addresses the relationship between social media use, behavioural health conditions and psychological well-being for youth aged <25 years. Method: A scoping review of 11 literature databases from 2000 to 2020 explored research studies in youth in five areas: clinical depression and anxiety, quantitative use, social media mode, engagement and qualitative dimensions and health and well-being. Results: Out of 2820 potential literature references, 140 met the inclusion criteria. The foci were clinical depression and anxiety disorders (n = 78), clinical challenges (e.g. suicidal ideation, cyberbullying) (n = 34) and psychological well-being (n = 28). Most studies focused on Facebook, Twitter, Instagram and YouTube. Few studies are longitudinal in design (n = 26), had comparison groups (n = 27), were randomised controlled trials (n = 3) or used structured assessments (n = 4). Few focused on different youth and sociodemographic populations, particularly for low-income, equity-seeking and deserving populations. Studies examined association (n = 120; 85.7%), mediating (n = 16; 11.4%) and causal (n = 4; 2.9%) relationships. Prospective, longitudinal studies of depression and anxiety appear to indicate that shorter use (≤3 h/day) and purposeful engagement is associated with better mood and psychological well-being. Depression may predict social media use and reduce perception of support. Findings provide families, teachers and providers ways to engage youth. Conclusions: Research opportunities include clinical outcomes from functional perspective on a health continuum, diverse youth and sociodemographic populations, methodology, intervention and privacy issues. More longitudinal studies, comparison designs and effectiveness approaches are also needed. Health systems face clinical, training and professional development challenges. Copyright © 2023 The Author(s).","adolescents; children; Social media; suicide; youth","hydrocortisone; academic achievement; adolescent; adolescent depression; adult; anxiety disorder; child; college student; cyberbullying; depression; fear of missing out; health behavior; health equity; human; internet use; life satisfaction; loneliness; lowest income group; machine learning; motivational interviewing; psychological well-being; randomized controlled trial (topic); Review; saliva level; screen time; self esteem; sexting; social capital; social media; social media addiction; social support; sociodemographics; student burnout; suicidal ideation; suicide attempt; young adult","Cambridge University Press","20564724","","","","English","BJPsych Open","Review","Final","All Open Access; Gold Open Access; Green Open Access","Scopus","2-s2.0-85169324181"
"Forniés G.C.; Juliá-Sanchis R.","Forniés, Gloria Carbonell (58181483900); Juliá-Sanchis, Rocío (57201733182)","58181483900; 57201733182","Influence ofsocial networks on the self-esteem, body image andbody satisfaction ofadolescents and young persons; [Influencia de las redes sociales en la autoestima, imagen corporal y satisfacción corporal de adolescentes y jóvenes]","2023","Metas de Enfermeria","26","2","","58","69","4","10.35667/MetasEnf.2023.26.1003082058","https://www.scopus.com/pages/publications/85152449676?origin=resultslist","Hospital General Universitario de Elda. Elda, Alicante, Spain; Departamento de Enfermería, Universidad de Alicante, Instituto de Investigación Sanitaria y Biomédica de Alicante (ISABIAL), Alicante, Spain","Forniés G.C., Hospital General Universitario de Elda. Elda, Alicante, Spain; Juliá-Sanchis R., Departamento de Enfermería, Universidad de Alicante, Instituto de Investigación Sanitaria y Biomédica de Alicante (ISABIAL), Alicante, Spain","Objective: to explore the relationship between the use of social networks and the self-esteem, body image and body satisfaction of adolescents and young adults. Methods: a narrative review was conducted. There was a bibliographic search in the PubMed, CINAHL and PsycInfo databases, for articles published during the 2017-2022 period, using the descriptors“young adult”, “adolescent”, “socialmedia”, “body dissatisfaction”, “body image” and“self-concept”; as well as natural language. Articles with a male and/or female population sample between 12 and 30 years of age were included., with social networks mentioned generically or specifically (Instagram, TikTok and/or Facebook), and analysing the relationship between social networks and some of the following constructs: self-esteem, corporal image, and/or body satisfaction/dissatisfaction, either individually or as a whole. Results: out of the 536 initial records, 29 articles met the selection criteria and were reviewed in depth. Findings were grouped into four themes associated with the constructs to be studied: social comparison, feedback, dedication, and trends in social networks. Conclusion: social networks have a negative impact on body satisfaction and body image, although their impact on self-esteem is influenced by the feedback received for the images published and the time invested. The new #bodypositive trend is associated with higher psychological, social and emotional wellbeing, healthier habits and improvements in self-care, as well as being a protective factor against body dissatisfaction. It is necessary to develop Nursing interventions for health promotion and prevention in the school and community settings, based on these findings. © 2023 DAE Editorial, Grupo Paradigma. All rights reserved.","adolescent; body image; body satisfaction; self image; self-esteem; Social media","","DAE Editorial, Grupo Paradigma","11387262","","","","Spanish","Metas de Enfermeria","Review","Final","","Scopus","2-s2.0-85152449676"
"Casanova-Garrigós G.; Torrubia-Pérez E.; Reverté N.C.; Fernández J.C.; Mora-López G.; Albacar-Riobóo N.","Casanova-Garrigós, Georgina (57193432537); Torrubia-Pérez, Elisabet (57325959300); Reverté, Natividad Cañellas (59698140300); Fernández, Jesica Capera (59697722400); Mora-López, Gerard (57188812909); Albacar-Riobóo, Núria (35273278100)","57193432537; 57325959300; 59698140300; 59697722400; 57188812909; 35273278100","Influence of social networks on adolescent body image. An integrative review; [Influencia de las redes sociales en la imagen corporal de adolescentes: una revisión integrativa]","2025","Enfermeria Global ","24","1","e622331","1","16","2","10.6018/eglobal.622331","https://www.scopus.com/pages/publications/105000319134?origin=resultslist","Departamento de Enfermería, Universitat Rovira i Virgili, Campus Terres de l’Ebre, Tarragona, Spain; Grup de Recerca en Infermeria Avançada SGR 1030, Universitat Rovira i Virgili, Tarragona, Spain","Casanova-Garrigós G., Departamento de Enfermería, Universitat Rovira i Virgili, Campus Terres de l’Ebre, Tarragona, Spain, Grup de Recerca en Infermeria Avançada SGR 1030, Universitat Rovira i Virgili, Tarragona, Spain; Torrubia-Pérez E., Departamento de Enfermería, Universitat Rovira i Virgili, Campus Terres de l’Ebre, Tarragona, Spain, Grup de Recerca en Infermeria Avançada SGR 1030, Universitat Rovira i Virgili, Tarragona, Spain; Reverté N.C., Departamento de Enfermería, Universitat Rovira i Virgili, Campus Terres de l’Ebre, Tarragona, Spain, Grup de Recerca en Infermeria Avançada SGR 1030, Universitat Rovira i Virgili, Tarragona, Spain; Fernández J.C., Departamento de Enfermería, Universitat Rovira i Virgili, Campus Terres de l’Ebre, Tarragona, Spain, Grup de Recerca en Infermeria Avançada SGR 1030, Universitat Rovira i Virgili, Tarragona, Spain; Mora-López G., Departamento de Enfermería, Universitat Rovira i Virgili, Campus Terres de l’Ebre, Tarragona, Spain, Grup de Recerca en Infermeria Avançada SGR 1030, Universitat Rovira i Virgili, Tarragona, Spain; Albacar-Riobóo N., Departamento de Enfermería, Universitat Rovira i Virgili, Campus Terres de l’Ebre, Tarragona, Spain, Grup de Recerca en Infermeria Avançada SGR 1030, Universitat Rovira i Virgili, Tarragona, Spain","Introduction: During adolescence, the foundations of figure and appearance are laid, and constructs such as self-concept, self-esteem and body image make sense. It is a stage of evolutionary development characterized by the search and consolidation of one’s own identity, in the development and acquisition of which social networks have a considerable influence. Objective: To analyze the available scientific evidence on the influence of social networks on adolescents’ body image. Methods: An Integrative review of the literature published in the last 5 years, carried out between January and March 2024, in the databases Pubmed, Psicodoc, CINAHL, Cuiden, Scopus and Web of Science databases, following the phased process of the PRISMA statement. The search covered the period January to March 2024. We used health sciences descriptors (DeCS) “mental health”, “adolescent”, “social network”, “self-image”, “body image”, “Internet addiction disorder” and their English equivalents (MeSH). The AND and OR operators were used to combine them. A total of 19 articles were included. Results: 19 articles were identified through the established selection criteria. The results indicated that there is a relationship between excessive use of social media and a low assessment of body image among adolescents. Conclusions: Excessive use of social network negatively influences the self-esteem and self-concept of adolescents. The most used social networks with the greatest impact on the health and well-being of young people is Instagram followed by YouTube. Furthermore, it has been seen that there are differences in the use and impact that these have between girls and boys, with the former being the most affected and those who spend the most time. © (2025), (Universidad de Murcia Servicio de Publicaciones). All rights reserved.","Adolescentes; autoestima; body image; enfermería; imagen corporal; nursing; redes sociales; self-esteem; social networks; Teenagers","","Universidad de Murcia Servicio de Publicaciones","16956141","","","","English","Enferm. Global","Article","Final","All Open Access; Gold Open Access; Green Open Access","Scopus","2-s2.0-105000319134"
"Alkheyr Z.; Murad M.; Das P.; Aljenaee K.; Kamel C.; Hajji S.A.; Flood J.; Atkin S.L.; Ali K.F.","Alkheyr, Zainab (59004705800); Murad, Mariam (58885145900); Das, Priya (57217119116); Aljenaee, Khaled (56320231700); Kamel, Charlotte (56865973100); Hajji, Sulaiman Ali (57219021754); Flood, John (59004093700); Atkin, Stephen L. (7005293560); Ali, Khawla F. (57209204206)","59004705800; 58885145900; 57217119116; 56320231700; 56865973100; 57219021754; 59004093700; 7005293560; 57209204206","Self-esteem and body image satisfaction in women with PCOS in the Middle East: Cross-sectional social media study","2024","PLoS ONE","19","4 April","e0301707","","","17","10.1371/journal.pone.0301707","https://www.scopus.com/pages/publications/85191450611?origin=resultslist","Royal College of Surgeons in Ireland-Medical, University of Bahrain, Adliya, Bahrain; Al-Adan Hospital, Kuwait City, Kuwait","Alkheyr Z., Royal College of Surgeons in Ireland-Medical, University of Bahrain, Adliya, Bahrain; Murad M., Royal College of Surgeons in Ireland-Medical, University of Bahrain, Adliya, Bahrain; Das P., Royal College of Surgeons in Ireland-Medical, University of Bahrain, Adliya, Bahrain; Aljenaee K., Al-Adan Hospital, Kuwait City, Kuwait; Kamel C., Royal College of Surgeons in Ireland-Medical, University of Bahrain, Adliya, Bahrain; Hajji S.A., Al-Adan Hospital, Kuwait City, Kuwait; Flood J., Royal College of Surgeons in Ireland-Medical, University of Bahrain, Adliya, Bahrain; Atkin S.L., Royal College of Surgeons in Ireland-Medical, University of Bahrain, Adliya, Bahrain; Ali K.F., Royal College of Surgeons in Ireland-Medical, University of Bahrain, Adliya, Bahrain","Background Polycystic ovary syndrome (PCOS) is the most common endocrine disorder in women of childbearing age, associated with increased incidence of emotional disorders, anxiety and depression. Objective The aim was of this study was to investigate whether those women reporting PCOS differed to women without PCOS in measures of psychological well-being including body-image satisfaction and self-esteem across a Middle Eastern population. Materials and methods An online survey link of 21 questions was shared and distributed across social media platforms (Instagram and WhatsApp). The main outcome measured was levels of self-esteem and body image satisfaction in association with symptoms experienced by the participants. Results 12, 199 female subjects completed the survey of whom 3, 329 respondents (27.3%) self-reported a diagnosis of PCOS. PCOS respondents felt less attractive compared to non-PCOS respondents (73.9% vs 80.5%, p<0.0001). More respondents with PCOS reported avoidance of their reflection in the mirror (61.7% vs 49.8%, p<0.001) and avoidance of social interactions (22.3% vs 32.3%, p<0.0001). More PCOS respondents wanted to lose weight (75.2% vs 68.5%, p<0.001) with increasing weight being associated with being less attractive (p<0.001). Fewer PCOS respondents felt satisfied/confident compared non-PCOS respondents (38.6% vs 50.7%, p<0.001). Conclusion PCOS respondents reported significantly lower measures of self-esteem and body image satisfaction compared to non-PCOS respondents in this population. © 2024 Alkheyr et al. This is an open access article distributed under the terms of the Creative Commons Attribution License, which permits unrestricted use, distribution, and reproduction in any medium, provided the original author and source are credited.","","Adolescent; Adult; Body Image; Cross-Sectional Studies; Female; Humans; Middle East; Personal Satisfaction; Polycystic Ovary Syndrome; Self Concept; Social Media; Surveys and Questionnaires; Young Adult; acanthosis nigricans; Adolescent Body Image Satisfaction Scale; adult; anxiety; Article; attitude to health; avoidance behavior; body height; body image; body mass; body weight; caloric intake; cesarean section; cross-sectional study; Eating Disorder Examination Questionnaire; emotion; emotional disorder; endocrine disease; female; homeostasis model assessment; human; human experiment; hyperandrogenism; intra-abdominal fat; menstrual cycle; obesity; ovary polycystic disease; psychological well-being; satisfaction; self esteem; social interaction; social media; structured questionnaire; adolescent; Middle East; ovary polycystic disease; psychology; questionnaire; satisfaction; self concept; social media; young adult","Public Library of Science","19326203","","POLNC","38662709","English","PLoS ONE","Article","Final","All Open Access; Gold Open Access; Green Open Access","Scopus","2-s2.0-85191450611"
"Couto L.; Willoughby J.F.","Couto, Leticia (57218957404); Willoughby, Jessica Fitts (54785361000)","57218957404; 54785361000","#LoveYourBody: An Experimental Test of the Effects of Objectification and Body Appreciation Content on Instagram Fitness and Health Posts Among Young Women","2024","Health Communication","39","11","","2298","2306","14","10.1080/10410236.2023.2265647","https://www.scopus.com/pages/publications/85174582162?origin=resultslist","Edward R. Murrow College of Communication, Washington State University, United States","Couto L., Edward R. Murrow College of Communication, Washington State University, United States; Willoughby J.F., Edward R. Murrow College of Communication, Washington State University, United States","Fitspiration content on Instagram often includes images in which women are objectified but may also include captions that aim to positively motivate viewers, such as through messaging about body appreciation. Viewing objectifying content in fitspiration posts may be problematic for young women’s mental health, but it’s unclear if positive messaging may help to alleviate some of these effects. In this study, we conducted a 2 × 2 online experiment assessing the effects of body appreciation and objectification content present in Instagram fitness posts by influencers on young women (N = 200). The outcome variables were state body appreciation, trait body appreciation, self-esteem, and self-compassion. We found an interaction between the presence and absence of objectification and presence and absence of body appreciation that significantly influenced self-compassion and body appreciation. The interaction suggests that self-compassion and state body appreciation are higher in the presence of body appreciation messaging, although there were not main effects for just viewing objectifying images or body appreciation captions. This means that just body appreciation or just objectification may not affect state body appreciation and self-compassion, but the two together have an effect. Our findings suggest that body appreciation captions may serve as a protective factor for self-compassion and state body appreciation when young women view Instagram fitspiration posts that include sexual objectification. Health communicators could encourage influencers to include body appreciation content in their fitspiration posts to help improve self-compassion among viewers, and interventions could work to promote body appreciation among young women to encourage self-compassion. © 2023 Taylor & Francis Group, LLC.","","Adolescent; Adult; Body Image; Empathy; Female; Humans; Physical Fitness; Self Concept; Social Media; Young Adult; adult; article; controlled study; experimental test; female; human; human experiment; major clinical study; outcome variable; self compassion; self esteem; social media; adolescent; body image; empathy; fitness; psychology; self concept; young adult","Routledge","10410236","","","37872682","English","Health Commun.","Article","Final","","Scopus","2-s2.0-85174582162"
"Arnani N.P.R.; Nindhita V.","Arnani, Ni Putu Rizky (58966745300); Nindhita, Vidya (58949763900)","58966745300; 58949763900","Please look at me? Connecting self esteem and online self-presentation among teenagers on social media instagram","2024","E3S Web of Conferences","499","","01023","","","3","10.1051/e3sconf/202449901023","https://www.scopus.com/pages/publications/85189242123?origin=resultslist","Program study of Psychology, Department of Social Science and Culture Science, Faculty of Social Science and Culture Science, Universitas Trunojoyo Madura, Bangkalan, Indonesia","Arnani N.P.R., Program study of Psychology, Department of Social Science and Culture Science, Faculty of Social Science and Culture Science, Universitas Trunojoyo Madura, Bangkalan, Indonesia; Nindhita V., Program study of Psychology, Department of Social Science and Culture Science, Faculty of Social Science and Culture Science, Universitas Trunojoyo Madura, Bangkalan, Indonesia","The evolving landscape of social media in the present day contributes to the revitalization of social relationship. The use of social media platforms continues to integrate into adolescents of life and essential for identity development. Adolescentes have a need for self-existence, and social media serves as a medium to fulfil this need within their friendship circles. This research aims to seek the relationship between self-esteem and online self-representation among adolescents who use instagram. This study employed quantitative approach with correlation method. The data were collected using two instruments: a self-esteem scale and online self-representation scale. The respondents of this research were 154 adolescents in MAN Bangkalan. The analysis was conducted using simple regression. The results showed that the self-esteem had a significant effect on online self-representation, resulting in meaningful contribution of 6%. © The Authors, published by EDP Sciences.","instagram; online self-presentation; self esteem","","EDP Sciences","25550403","","","","English","E3S Web Conf.","Conference paper","Final","All Open Access; Gold Open Access; Green Open Access","Scopus","2-s2.0-85189242123"
"Lozano-Muñoz N.; Borrallo-Riego Á.; Guerra-Martín M.D.","Lozano-Muñoz, Noelia (57863405600); Borrallo-Riego, Álvaro (57215275533); Guerra-Martín, María Dolores (55540432000)","57863405600; 57215275533; 55540432000","Effectiveness of interventions to help mitigate the influence of social networks on anorexia and bulimia nervosa: a systematic review; [Efectividad de las intervenciones para mitigar la influencia de las redes sociales en la anorexia y bulimia nerviosa: una revisión sistemática]","2024","Anales del Sistema Sanitario de Navarra","47","1","e1074","","","4","10.23938/ASSN.1074","https://www.scopus.com/pages/publications/85190902382?origin=resultslist","Servicio Andaluz de Salud, Centro de Salud de Constantina, Sevilla, Spain; Universidad de Sevilla, Facultad de Enfermería, Fisioterapia y Podología, Departamento de Enfermería, Sevilla, Spain; Instituto de Biomedicina de Sevilla (IBiS), Sevilla, Spain","Lozano-Muñoz N., Servicio Andaluz de Salud, Centro de Salud de Constantina, Sevilla, Spain; Borrallo-Riego Á., Universidad de Sevilla, Facultad de Enfermería, Fisioterapia y Podología, Departamento de Enfermería, Sevilla, Spain, Instituto de Biomedicina de Sevilla (IBiS), Sevilla, Spain; Guerra-Martín M.D., Universidad de Sevilla, Facultad de Enfermería, Fisioterapia y Podología, Departamento de Enfermería, Sevilla, Spain, Instituto de Biomedicina de Sevilla (IBiS), Sevilla, Spain","Background. The study aim to analyze the impact of interventions to help mitigate the influence of social networks on anorexia and bulimia nervosa. Methodology. A systematic review was conducted using PubMed, Scopus, PsycINFO and Web of Science. The inclusion criteria were: randomized clinical trials, published between 2013 and 2023 with a score ≥ 5 points on the Van Tulder methodological quality scale. Results. Eight studies were selected, most carried out in secondary education centers or universities; one was online. The study sample consisted of 5,084 participants mainly young women and adolescents with an average age between 12 and 32 years. As for the social networks, some studies described their impact at a general level, while others focused on Instagram, Facebook, Tik-Tok, Twitter, and Snapchat. A positive correlation was found between the exposure to unrealistic beauty ideals found in social networks with greater concern and dissatisfaction with body image. All studies used instruments to assess the effectiveness of the interventions. The interventions helped reduce the influence of the media and social networks, improve self-perception and self-esteem assessments, reduce anxiety levels and internalization of the thin beauty ideal, reduce dietary restrictions, and make use of social networks differently. Conclusions. Longer-lasting interventions can improve body satisfaction (one year) and depressive symptoms (six months), especially in women. Interventions should include attention to self-criticism, self-perception, self-esteem, body image, nutritional management, and media literacy skills. © 2024 Gobierno de Navarra. Artíc.","Anorexia Nervosa; Bulimia Nervosa; Randomized Controlled Trial; Social Networking; Systematic review","Adolescent; Adult; Anorexia; Bulimia Nervosa; Child; Female; Humans; Self Concept; Young Adult; anorexia; anxiety; body dissatisfaction; body image; bulimia; diet restriction; human; media literacy; randomized controlled trial (topic); Review; secondary education; self concept; self esteem; social network; systematic review; adolescent; adult; anorexia; bulimia; child; female; self concept; young adult","Gobierno de Navarra","11376627","","ASSNF","38626133","Spanish","An. Sist. Sanit. Navarra","Review","Final","All Open Access; Gold Open Access; Green Open Access","Scopus","2-s2.0-85190902382"
"Brown C.; Larson K.; Cockrum B.; Hawryluk B.; Moore C.M.; Wiehe S.E.; Chan K.H.","Brown, Charlene (59261097500); Larson, Kristen (59260739800); Cockrum, Brandon (57204043627); Hawryluk, Bridget (57567957300); Moore, Courtney M. (56226414200); Wiehe, Sarah E. (8607741000); Chan, Katherine H. (57192121379)","59261097500; 59260739800; 57204043627; 57567957300; 56226414200; 8607741000; 57192121379","Development of a prototype of a patient-reported outcomes measure for hypospadias care, the Patient Assessment Tool for Hypospadias (PATH)","2024","Journal of Pediatric Urology","20","6","","1072","1081","2","10.1016/j.jpurol.2024.07.028","https://www.scopus.com/pages/publications/85201305631?origin=resultslist","Department of Urology, University of North Carolina School of Medicine, 170 Manning Drive, Chapel Hill, 27599, NC, United States; Research Jam, Indiana Clinical and Translational Sciences Institute, Indianapolis, IN, United States; Department of Pediatrics, Indiana University School of Medicine, Indianapolis, Indiana, 170 Manning Drive, Chapel Hill, 27599, NC, United States; Department of Pediatrics, University of North Carolina School of Medicine, Chapel Hill, NC, United States","Brown C., Department of Urology, University of North Carolina School of Medicine, 170 Manning Drive, Chapel Hill, 27599, NC, United States; Larson K., Department of Urology, University of North Carolina School of Medicine, 170 Manning Drive, Chapel Hill, 27599, NC, United States; Cockrum B., Research Jam, Indiana Clinical and Translational Sciences Institute, Indianapolis, IN, United States; Hawryluk B., Research Jam, Indiana Clinical and Translational Sciences Institute, Indianapolis, IN, United States; Moore C.M., Research Jam, Indiana Clinical and Translational Sciences Institute, Indianapolis, IN, United States; Wiehe S.E., Research Jam, Indiana Clinical and Translational Sciences Institute, Indianapolis, IN, United States, Department of Pediatrics, Indiana University School of Medicine, Indianapolis, Indiana, 170 Manning Drive, Chapel Hill, 27599, NC, United States; Chan K.H., Department of Urology, University of North Carolina School of Medicine, 170 Manning Drive, Chapel Hill, 27599, NC, United States, Department of Pediatrics, University of North Carolina School of Medicine, Chapel Hill, NC, United States","Introduction/Background: Patient-reported outcome measures (PROMs) for hypospadias care are lacking, and most existing instruments were developed without patient input. Objective: The objective of this study was to 1) use our previously developed Hypospadias Journal for concept elicitation in a sample of adolescent and young adult hypospadias patients and 2) develop a new hypospadias PROM. Study design: We recruited English-speaking males ages 13–30 living in the United States with a self-reported history of hypospadias through targeted advertisements on Facebook and Instagram from March to June 2022. Using a Qualtrics screening survey ineligible respondents were identified using automated fraud detection and manual review. Consenting participants were sent an electronic Hypospadias Journal containing brief creative writing exercises and multiple-choice scales to facilitate participant reflections about genital appearance, urination, sexual function, and psychosocial well-being. Demographics were summarized using descriptive statistics. Human-centered design researchers synthesized the journals’ key themes to 1) create an affinity diagram with hypospadias-related quality of life (QOL) domains and 2) draft items for the PROM covering each domain and sub-domain. Journal participants were asked to complete a survey to 1) rank hypospadias QOL domains, subdomains, and draft items for the PROM, and 2) explore their preferences for item phrasing. In a small group virtual interview, a urologist and a hypospadias patient reviewed and revised draft PROM items, and a final PROM was created. Results: Of the 411 completed screening surveys, 391 were ineligible. Journals were sent to 20 eligible participants. Of these, 12 completed journals: 8 adults; 4 adolescents (11 surgical/1 non-surgical): 66.7% White, 8.3% Black, 16.7% Asian, 8.3% >1 race. The meatal location was distal for 41.7%, proximal for 41.7%, unknown/missing for 16.7%. We identified four hypospadias-related quality-of-life domains and 13 respective sub-domains (Extended Summary Figure) of these, two were novel domains: 1) knowledge about the condition/treatment and comfort with treatment decision, and 2) impact on relationships with caregivers, medical providers, and sexual partners. A final PROM prototype, the Patient Assessment Tool for Hypospadias (PATH) was created, covering all QOL domains identified by participants. Discussion: We created a simple, brief hypospadias PROM to screen for salient topics to be addressed by providers in the clinical setting. Limitations include the small sample size and limited clinical details about participants. Conclusions: Our study provides a hypospadias PROM that is ready for psychometric assessment in a larger sample. © 2024 Journal of Pediatric Urology Company","Human-centered design; Hypospadias; Patient reported outcome measures; Quality of life","Adolescent; Adult; Humans; Hypospadias; Male; Patient Reported Outcome Measures; Quality of Life; Self Report; Surveys and Questionnaires; Young Adult; adolescent; adult; advertising; anxiety; Article; Asian; Black person; caregiver; Caucasian; child urology; clinical assessment tool; diagnosis; exercise; fraud; gender identity; health care; health care personnel; human; hypospadias; interview; knowledge; Likert scale; major clinical study; male; mental health; micturition; multiple choice test; outcome assessment; patient assessment; patient counseling; patient-reported outcome; physiotherapy; quality of life; race; sample size; self esteem; sexual function; sexuality; social media; universal design; psychology; quality of life; questionnaire; self report; young adult","Elsevier Ltd","14775131","","","39153923","English","J. Pediatr. Urol.","Article","Final","All Open Access; Green Open Access","Scopus","2-s2.0-85201305631"
"Gentzler A.L.; Hughes J.L.; Johnston M.; Alderson J.E.","Gentzler, Amy L. (15020474900); Hughes, Jeffrey L. (57219536876); Johnston, Matty (58573577700); Alderson, Jacob E. (58194986100)","15020474900; 57219536876; 58573577700; 58194986100","Which social media platforms matter and for whom? Examining moderators of links between adolescents' social media use and depressive symptoms","2023","Journal of Adolescence","95","8","","1725","1748","24","10.1002/jad.12243","https://www.scopus.com/pages/publications/85170690837?origin=resultslist","West Virginia University, Morgantown, WV, United States","Gentzler A.L., West Virginia University, Morgantown, WV, United States; Hughes J.L., West Virginia University, Morgantown, WV, United States; Johnston M., West Virginia University, Morgantown, WV, United States; Alderson J.E., West Virginia University, Morgantown, WV, United States","Introduction: Despite extensive research on social media and risks for mental health, not enough is known about individual differences in these risks. Methods: The present study, with data collected from 2018 to 2020, investigated the association between social media use (total and for specific platforms) and depressive symptoms in a sample of 237 American adolescents (Mage = 15.10; SD = 0.49; 51.1% girls and 48.5% boys). We investigated several moderators: gender, self-esteem, personality, and negative reactions to social media. Covariates were gender, timing of the follow-up (pre vs. during the pandemic), and depressive symptoms a year earlier. Results: Results indicated that greater total time spent on social media was associated with higher levels of depressive symptoms. This effect held for Instagram, TikTok, and YouTube (but not Snapchat, Facebook, or Twitter). Several moderated effects were found. Twitter was associated with more depressive symptoms for girls but not boys. More frequent Instagram use was linked to more depressive symptoms for less or average-level extraverted teens but not for more extraverted teens, suggesting extraversion may be protective. More frequent TikTok use was associated with more depressive symptoms, particularly for teens who said they have more or average-level negative reactions to social media a year earlier. Conclusions: This study suggests that certain adolescents may be at increased risk for serious mental health challenges, like elevated depressive symptoms, when using TikTok, Instagram, or Twitter more frequently, underscoring the importance of examining individual differences and particular social media platforms. © 2023 The Authors. Journal of Adolescence published by Wiley Periodicals LLC on behalf of Foundation for Professionals in Services to Adolescents.","adolescents; depressive symptoms; individual differences; Instagram; social media; TikTok; YouTube","Adolescent; Depression; Female; Humans; Male; Self Concept; Social Media; adolescent; American; Article; controlled study; correlation analysis; depression; extraversion; female; follow up; human; information processing; major clinical study; male; mediation analysis; pandemic; personality; psychological well-being; sex difference; social media; statistical analysis; time factor; depression; psychology; self concept","John Wiley and Sons Inc","01401971","","JOADE","37698125","English","J. Adolesc.","Article","Final","All Open Access; Green Open Access","Scopus","2-s2.0-85170690837"
"van der Wal A.; Beyens I.; Janssen L.H.C.; Valkenburg P.M.","van der Wal, Amber (57207877473); Beyens, Ine (55352393600); Janssen, Loes H. C. (57219218985); Valkenburg, Patti M. (7004537362)","57207877473; 55352393600; 57219218985; 7004537362","Diverse platforms, diverse effects: Evidence from a 100-day study on social media and adolescent mental health","2026","Current Psychology","45","1","36","","","5","10.1007/s12144-025-08893-7","https://www.scopus.com/pages/publications/105025356107?origin=resultslist","Amsterdam School of Communication Research, University of Amsterdam, P.O. Box 15791, Amsterdam, NG 1001, Netherlands; Department of Developmental Psychology, University of Utrecht, Heidelberglaan 1, Utrecht, 3584 CS, Netherlands","van der Wal A., Amsterdam School of Communication Research, University of Amsterdam, P.O. Box 15791, Amsterdam, NG 1001, Netherlands; Beyens I., Amsterdam School of Communication Research, University of Amsterdam, P.O. Box 15791, Amsterdam, NG 1001, Netherlands; Janssen L.H.C., Department of Developmental Psychology, University of Utrecht, Heidelberglaan 1, Utrecht, 3584 CS, Netherlands; Valkenburg P.M., Amsterdam School of Communication Research, University of Amsterdam, P.O. Box 15791, Amsterdam, NG 1001, Netherlands","The rising prevalence of mental health problems among adolescents has prompted increased scrutiny of social media as a contributing factor. Previous research has produced mixed results, likely due to the varying impact of social media on different dimensions of mental health. To advance understanding in this area, this study examined how social media use affects three critical dimensions of adolescent mental health – well-being, self-esteem, and friendship closeness. Specifically, we examined whether adolescents experienced consistent (unity) or contrasting (duality) effects across these dimensions by analyzing 44,211 daily diaries from 479 adolescents over 100 days. We found that the majority of adolescents (60%) experienced unity in negative effects of social media, suggesting that social media use is a notable contributor to mental health issues. Moreover, 13.6% of adolescents experienced duality in effects, indicating that social media use simultaneously harms and benefits different dimensions of their mental health. Exploratory analyses demonstrated the importance of examining platform-specific effects, revealing negative impacts of TikTok, YouTube, and Instagram use and positive or null effects of Snapchat and WhatsApp use on the three dimensions of mental health. Our findings highlight the need for tailored strategies that account for the varying impacts of social media on adolescent mental health. © The Author(s) 2025.","Adolescents; Mental health; Person-Specific effects; Social media; Well-Being","","Springer","10461310","","","","English","Curr. Psychol.","Article","Final","All Open Access; Green Open Access; Hybrid Gold Open Access","Scopus","2-s2.0-105025356107"
"Christensen Pacella K.A.; Forbush K.T.; Chen Y.; Nation M.B.; Cushing C.C.; Swinburne Romine R.E.","Christensen Pacella, Kara A. (58306215100); Forbush, Kelsie T. (57208461176); Chen, Yiyang (57876257800); Nation, Maegan B. (59169865900); Cushing, Christopher C. (23093440000); Swinburne Romine, Rebecca E. (54785597900)","58306215100; 57208461176; 57876257800; 59169865900; 23093440000; 54785597900","Negative Affect as a Mediator Between Exposure to Fitspiration and Thinspiration and Disordered Eating Behaviors: An Ecological Momentary Assessment Study","2024","International Journal of Eating Disorders","57","12","","2504","2515","2","10.1002/eat.24291","https://www.scopus.com/pages/publications/85205058142?origin=resultslist","Department of Psychology, University of Nevada Las Vegas, Las Vegas, NV, United States; Department of Psychology, University of Kansas, Lawrence, KS, United States; Department of Applied Behavioral Science, University of Kansas, Lawrence, KS, United States; Research Design and Analysis Unit, Lifespan Institute, University of Kansas, Lawrence, KS, United States","Christensen Pacella K.A., Department of Psychology, University of Nevada Las Vegas, Las Vegas, NV, United States; Forbush K.T., Department of Psychology, University of Kansas, Lawrence, KS, United States; Chen Y., Department of Psychology, University of Kansas, Lawrence, KS, United States; Nation M.B., Department of Psychology, University of Nevada Las Vegas, Las Vegas, NV, United States; Cushing C.C., Department of Psychology, University of Kansas, Lawrence, KS, United States, Department of Applied Behavioral Science, University of Kansas, Lawrence, KS, United States; Swinburne Romine R.E., Research Design and Analysis Unit, Lifespan Institute, University of Kansas, Lawrence, KS, United States","Objective: Although social media use, such as Instagram, has been associated with ED pathology, mechanisms connecting social media use to disordered eating behaviors (DEBs) remain largely unevaluated. Based on Dual Process, Tripartite, and Affect Regulation models of ED pathology, we proposed a moderated mediation model evaluating impacts of exposure to fitspiration/thinspiration on Instagram. Method: We evaluated a hypothesized pathway from exposure to fitspiration/thinspiration (i.e., ED-salient content) on Instagram to disordered eating mediated by negative affect and tested individual differences in weight bias internalization, trait self-esteem, and trait self-comparison as moderators. We recruited 173 undergraduate women who reported engaging in DEBs on average at least once per week over the past 3 months. Participants completed a seven-day ecological momentary assessment protocol, during which they reported their ED-salient content exposure on Instagram, affect, and engagement in DEBs. Results: Multilevel modeling was used to assess moderated mediation. Negative affect partially mediated associations between viewing ED-salient content and subsequent engagement in objective binge eating and restricting but did not mediate the pathway to purging or excessive exercise. Higher weight bias internalization intensified the association between viewing ED-salient content and negative affect. Discussion: The association between viewing ED-salient content and engaging in objective binge eating and restricting may be a partial consequence of elevated negative affect; however, effects were small. Individuals with higher weight bias internalization may be more vulnerable to negative consequences from viewing ED-salient content. Findings suggested that reducing negative affect responses (e.g., via emotion regulation) could reduce negative consequences of viewing ED-salient content. © 2024 Wiley Periodicals LLC.","disordered eating behaviors; eating disorders; ecological momentary assessment; fitspiration; Instagram; social media; thinspiration","Adolescent; Adult; Affect; Body Image; Ecological Momentary Assessment; Feeding and Eating Disorders; Feeding Behavior; Female; Humans; Self Concept; Social Media; Students; Young Adult; diuretic agent; laxative; tripartite motif protein; anxiety; Article; comparison of self scale; depression; distress syndrome; eating disorder; Eating Disorder Diagnostic Scale; ecological momentary assessment; emotion regulation; exercise; female; fitspiration; health behavior; human; human experiment; internalization (cell); inventory of depression and anxiety symptom; longitudinal study; mediator; Rosenberg Self-Esteem Scale; self esteem; social media; social vulnerability; thinspiration; undergraduate education; weight bias internalization scale modified; adolescent; adult; affect; body image; feeding behavior; psychology; self concept; social media; student; young adult","John Wiley and Sons Inc","02763478","","INDID","39323381","English","Int. J. Eating Disord.","Article","Final","All Open Access; Green Open Access","Scopus","2-s2.0-85205058142"
"Aran-Ramspott S.; Korres-Alonso O.; Elexpuru-Albizuri I.; Moro-Inchaurtieta Á.; Bergillos-García I.","Aran-Ramspott, Sue (55508302400); Korres-Alonso, Oihane (57196147126); Elexpuru-Albizuri, Iciar (57196149861); Moro-Inchaurtieta, Álvaro (57227885500); Bergillos-García, Ignacio (53866168100)","55508302400; 57196147126; 57196149861; 57227885500; 53866168100","Young users of social media: an analysis from a gender perspective","2024","Frontiers in Psychology","15","","1375983","","","14","10.3389/fpsyg.2024.1375983","https://www.scopus.com/pages/publications/85195932435?origin=resultslist","Blanquerna School of Communication and International Relations, Ramon Llull University, Barcelona, Spain; Faculty of Education and Sport, University of Deusto, Donostia, Spain; Faculty of Education and Sport, University of Deusto, Bilbao, Spain; CESAG, Comillas Pontifical University, Mallorca, Spain","Aran-Ramspott S., Blanquerna School of Communication and International Relations, Ramon Llull University, Barcelona, Spain; Korres-Alonso O., Faculty of Education and Sport, University of Deusto, Donostia, Spain; Elexpuru-Albizuri I., Faculty of Education and Sport, University of Deusto, Bilbao, Spain; Moro-Inchaurtieta Á., Faculty of Education and Sport, University of Deusto, Bilbao, Spain; Bergillos-García I., CESAG, Comillas Pontifical University, Mallorca, Spain","One of the major challenges for edu-communication research is to analyze the influence of social media on young and adolescent users. This article examines the evaluation of gender inequalities – real and symbolic – in the consumption of social networks such as YouTube and Instagram among young people. Within the framework of a Research & Development & innovation (R&D + i) project, it presents a discursive-theoretical analysis of how young users of social media perceive the presence and representation of gender on social media and whether such digital representations can be associated with an empowering gender perspective. This study presents results from 14 focus groups (N = 83), composed of students aged 12 to 18, drawn from three Spanish Autonomous Communities (Catalonia, the Balearic Islands and the Basque Country). The results show that gender issues arise in participants’ conversations, especially among female participants, who perceive the importance of physical appearance on platforms such as Instagram and TikTok. Female participants feel more pressure in terms of appearance and dress compared to male participants. Among male participants there are more expressions of self-affirmation and more mentions related to fun and social prestige. Both male and female participants express concern about the impact of that pressure on younger girls. The influence of social media on self-image is more evident among female participants, who make frequent mention of the importance of self-esteem in relation to beauty standards and exposure to idealized body images. Notably, there were no comments by male participants that acknowledge any influence of social media on their self-image. The findings are in line with existing research and taken as a whole gives rise to concern as to the gender disparities observed in the use of social media, which do not constitute a picture of female empowerment. This research underlines the importance of promoting a respectful and equitable environment in relation to gender equality within digital spaces. Thus, this study provides support for the need to develop and implement edu-communicative initiatives to foster critical thinking around the influence of social media in this context and the evaluation of the impact of such initiatives in future research. Copyright © 2024 Aran-Ramspott, Korres-Alonso, Elexpuru-Albizuri, Moro-Inchaurtieta and Bergillos-García.","adolescence; edu-communication; empowerment; gender; media literacy; perception; social media; youth","","Frontiers Media SA","16641078","","","","English","Front. Psychol.","Article","Final","All Open Access; Gold Open Access; Green Open Access","Scopus","2-s2.0-85195932435"
"Feijoo B.; Cambronero-Saiz B.; Miguel-San-emeterio B.","Feijoo, Beatriz (55753197500); Cambronero-Saiz, Belén (16309169500); Miguel-San-emeterio, Begoña (57191898632)","55753197500; 16309169500; 57191898632","Body perception and frequency of exposure to advertising on social networks among adolescents; [Percepción corporal y frecuencia de exposición a publicidad en redes sociales de los adolescentes]","2023","Profesional de la Informacion","32","3","e320318","","","9","10.3145/epi.2023.may.18","https://www.scopus.com/pages/publications/85161900055?origin=resultslist","Universidad Internacional de La Rioja, Facultad de Empresa y Comunicación, Avenida de La Paz, 137, Logroño, 26006, Spain","Feijoo B., Universidad Internacional de La Rioja, Facultad de Empresa y Comunicación, Avenida de La Paz, 137, Logroño, 26006, Spain; Cambronero-Saiz B., Universidad Internacional de La Rioja, Facultad de Empresa y Comunicación, Avenida de La Paz, 137, Logroño, 26006, Spain; Miguel-San-emeterio B., Universidad Internacional de La Rioja, Facultad de Empresa y Comunicación, Avenida de La Paz, 137, Logroño, 26006, Spain","The marketing actions of influencers promoting unhealthy targeted products can aggravate the problem of childhood obesity and thus generate self-esteem problems. The influence of exposure to this type of sponsored content can also have an effect on the emotional well-being of adolescents. This is the context of this study, which seeks to analyze the relationship between exposure to food or body care advertising on social networks (YouTube, Instagram, and TikTok) of adolescents and their perception of their physical appearance. Online surveys were distributed between April and June 2022 to 1,055 adolescents aged 11-17 years and residing in Spain. The main results show that 16-and 17-year-olds have a heavier figure as an ideal reference, but they are also the group that presents the thinnest evaluation of their current figure. Their level of satisfaction is the lowest compared with the rest of the age groups, and they attach greater importance to the social role of a good physical appearance. Thus, exposure to advertising by influencers on social networks is directly related to lower satisfaction with their bodies. This assessment is based not so much on individual reasons related to health or personal well-being, but rather on fundamentally social reasons, and considers that physical appearance is a determining factor for social success. Therefore, it is advisable to study in more detail the beliefs that directly affect adolescents’ self-esteem to improve their critical competence in the face of this idealized content. © 2023, El Profesional de la Informacion. All rights reserved.","Adolescents; Advertising; Body; Childhood; Diet; Gender; Health; Influencers; Instagram; Perception; Personal satisfaction; Physical appearance; Self-esteem; Social media; Social networks; Teenagers; TikTok; Well-being; Young people; YouTube","","El Profesional de la Informacion","13866710","","","","Spanish","Prof. Inf.","Article","Final","All Open Access; Gold Open Access; Green Open Access","Scopus","2-s2.0-85161900055"
"Varaona A.; Alvarez-Mon M.A.; Serrano-Garcia I.; Díaz-Marsá M.; Looi J.C.L.; Molina-Ruiz R.M.","Varaona, Andrea (58961805200); Alvarez-Mon, Miguel Angel (57210774133); Serrano-Garcia, Irene (57201275906); Díaz-Marsá, Marina (56517106600); Looi, Jeffrey C.L. (6603075515); Molina-Ruiz, Rosa M. (54894029200)","58961805200; 57210774133; 57201275906; 56517106600; 6603075515; 54894029200","Exploring the Relationship Between Instagram Use and Self-Criticism, Self-Compassion, and Body Dissatisfaction in the Spanish Population: Observational Study","2024","Journal of Medical Internet Research","26","","e51957","","","8","10.2196/51957","https://www.scopus.com/pages/publications/85200281883?origin=resultslist","Department of Medicine and Medical Specialities, Faculty of Medicine and Health Sciences, University of Alcala, Alcalá de Henares, Spain; CIBERSAM-ISCIII (Biomedical Research Networking Centre in Mental Health), Madrid, Spain; Ramón y Cajal Institute of Sanitary Research, Madrid, Spain; Department of Psychiatry and Mental Health, Hospital Universitario Infanta Leonor, Madrid, Spain; Department of Psychiatry and Mental Health, Hospital Clínico San Carlos, Madrid, Spain; Academic Unit of Psychiatry and Addiction Medicine, The Australian National University Medical School, Canberra, Australia; Consortium of Australian Academic Psychiatrists for Policy, Research and Analysis, Canberra, Australia; Fundación para la Investigación Biomédica del Hospital Clínico San Carlos, Madrid, Spain","Varaona A., Department of Medicine and Medical Specialities, Faculty of Medicine and Health Sciences, University of Alcala, Alcalá de Henares, Spain; Alvarez-Mon M.A., Department of Medicine and Medical Specialities, Faculty of Medicine and Health Sciences, University of Alcala, Alcalá de Henares, Spain, CIBERSAM-ISCIII (Biomedical Research Networking Centre in Mental Health), Madrid, Spain, Ramón y Cajal Institute of Sanitary Research, Madrid, Spain, Department of Psychiatry and Mental Health, Hospital Universitario Infanta Leonor, Madrid, Spain; Serrano-Garcia I., Department of Psychiatry and Mental Health, Hospital Clínico San Carlos, Madrid, Spain; Díaz-Marsá M., Department of Psychiatry and Mental Health, Hospital Clínico San Carlos, Madrid, Spain; Looi J.C.L., Academic Unit of Psychiatry and Addiction Medicine, The Australian National University Medical School, Canberra, Australia, Consortium of Australian Academic Psychiatrists for Policy, Research and Analysis, Canberra, Australia; Molina-Ruiz R.M., Department of Psychiatry and Mental Health, Hospital Clínico San Carlos, Madrid, Spain, Fundación para la Investigación Biomédica del Hospital Clínico San Carlos, Madrid, Spain","Background: The widespread use of online social networks, particularly among the younger demographic, has catalyzed a growing interest in exploring their influence on users’ psychological well-being. Instagram (Meta), a visually oriented platform, has garnered significant attention. Prior research has consistently indicated that Instagram usage correlates with heightened levels of perfectionism, body dissatisfaction, and diminished self-esteem. Perfectionism is closely linked to self-criticism, which entails an intense self-scrutiny and is often associated with various psychopathologies. Conversely, self-compassion has been linked to reduced levels of perfectionism and stress, while fostering greater positive affect and overall life satisfaction. Objective: This study investigates the relationship between Instagram usage (time of use and content exposure) and users’ levels of self-compassion, self-criticism, and body dissatisfaction. Methods: This study comprised 1051 adult participants aged between 18 and 50 years, either native to Spain or residing in the country for at least a decade. Each participant completed a tailored questionnaire on Instagram usage, along with abbreviated versions of the Self-Compassion Scale, the Body Shape Questionnaire, and the Depressive Experiences Questionnaire, spanning from January 23 to February 25, 2022. Results: A positive correlation was observed between daily Instagram usage and self-criticism scores. Participants of all age groups who spent over 3 hours per day on Instagram exhibited higher self-criticism scores than users who spent less than 1 hour or between 1 and 3 hours per day. Contrary to previous findings, no significant relationship was detected between Instagram usage time and levels of self-compassion or body dissatisfaction. Furthermore, content centered around physical appearance exhibited a positive correlation with self-criticism and body dissatisfaction scores. Among younger participants (aged 18-35 years), those who primarily viewed beauty or fashion content reported higher self-criticism scores than those consuming science-related content. However, this association was not significant for participants aged 35-50 years. Conversely, individuals who predominantly engaged with sports or fitness or family or friends content exhibited higher levels of body dissatisfaction than those focusing on science-related content. No significant associations were observed between self-compassion scores and daily Instagram usage or most-viewed content categories. Conclusions: The findings of this study underscore the considerable impact of Instagram usage on self-criticism and body dissatisfaction—2 variables known to influence users’ psychological well-being and be associated with various symptoms and psychological disorders. © 2024 JMIR Publications Inc. All rights reserved.","appearance; association; body; body dissatisfaction; correlation; depression; depressive; dissatisfaction; Hispanic; Instagram; mental health; mental wellbeing; psychological; satisfaction; self-compassion; self-criticism; self-esteem; self-worth; social media; Spain; Spanish; usage","Adolescent; Adult; Body Dissatisfaction; Empathy; Female; Humans; Male; Middle Aged; Personal Satisfaction; Self Concept; Self-Assessment; Social Media; Spain; Surveys and Questionnaires; Young Adult; adult; age; Article; body dissatisfaction; body shape questionnaire; comparative study; controlled study; cross-sectional study; depression; depressive experiences questionnaire; female; fitness; friend; helplessness; Hispanic; human; informed consent; internal consistency; longitudinal study; major clinical study; male; mental health; observational study; physical activity; physical appearance; psychological well-being; questionnaire; satisfaction; self compassion; self concept; self esteem; Self-Compassion Scale; social media; Spain; Spaniard; substance use; adolescent; empathy; middle aged; psychology; self evaluation; young adult","JMIR Publications Inc.","14388871","","","39088263","English","J. Med. Internet Res.","Article","Final","All Open Access; Gold Open Access; Green Open Access","Scopus","2-s2.0-85200281883"
"Murari K.; Shukla S.; Dulal L.","Murari, Krishna (56789768500); Shukla, Shalini (57127506400); Dulal, Lalit (58849869000)","56789768500; 57127506400; 58849869000","Social media use and social well-being: a systematic review and future research agenda","2024","Online Information Review","48","5","","959","982","25","10.1108/OIR-11-2022-0608","https://www.scopus.com/pages/publications/85183384592?origin=resultslist","Department of Management, Sikkim University, Gangtok, India","Murari K., Department of Management, Sikkim University, Gangtok, India; Shukla S., Department of Management, Sikkim University, Gangtok, India; Dulal L., Department of Management, Sikkim University, Gangtok, India","Purpose: The purpose of this study is to provide a systematic review of the existing literature on social media (SM) use and examine its relationship with various facets of social well-being (SWB). Design/methodology/approach: The study identifies and selects relevant articles using the Preferred Reporting Items for Systematic Reviews and Meta-Analyses (PRISMA) framework, wherein 273 articles were identified using the keyword search criteria from 5 databases namely Web of Science, Emerald, Pubmed, Google Scholar and EBSCOhost, and finally, 20 relevant studies were included for this systematic review. In order to provide directions for future research, a thorough profile with the key findings and knowledge gaps is presented. Findings: The majority of the reviewed studies report an increase in the use of SM, especially amongst adolescents, and this suggests a seriously detrimental impact on their SWB in terms of cyberbullying, lifestyle comparison and impact on self-esteem, substance abuse, declined academic performance, fear of missing out (FoMo) and social overload. However, some of the studies reported life satisfaction, a reduction in loneliness and improved social support and belongingness, particularly those focussing on old age people who experience social isolation. The review also affirmed improved job performance and employees’ well-being. These findings vary across various demographic variables and various SM platforms namely Facebook, Twitter, Instagram, WhatsApp, WeChat, YouTube, etc. Originality/value: The findings have significant implications for SM researchers, family members and educators concerning promoting appropriate SM use, especially in terms of their SWB. The study also provides various suggestions for future studies and the need to further explore the topic as the field of SM use and SWB is ever-growing. © 2024, Emerald Publishing Limited.","Academic performance; Cyberbullying; Fear of missing out (FoMo); Job performance; Self-esteem; Social media use; Social networking; Social well-being","Computer crime; Search engines; Academic performance; Cyber bullying; Fear of missing out; Job performance; Media use; Self esteem; Social media; Social medium use; Social well-being; Social-networking; academic achievement; adolescent; cyberbullying; epidemiology; fear of missing out; human; job performance; knowledge gap; life satisfaction; lifestyle; loneliness; meta analysis; Preferred Reporting Items for Systematic Reviews and Meta-Analyses; review; self esteem; social isolation; social media; social network; social support; social well-being; substance abuse; systematic review; Web of Science; Social networking (online)","Emerald Publishing","14684527","","OIRNA","","English","Online Info. Rev.","Review","Final","","Scopus","2-s2.0-85183384592"
"Salerno L.; Fortunato L.; Ostwald V.; Muscolino A.; Coco G.L.","Salerno, Laura (42962333900); Fortunato, Lucia (57237711300); Ostwald, Vivian (57209820876); Muscolino, Arianna (59954618600); Coco, Gianluca Lo (57221489429)","42962333900; 57237711300; 57209820876; 59954618600; 57221489429","Social support and social comparison tendencies predict trajectories of adolescents’ problematic social media use: A longitudinal study","2025","PLOS ONE","20","6 June","e0323320","","","3","10.1371/journal.pone.0323320","https://www.scopus.com/pages/publications/105008506041?origin=resultslist","Department of Psychology, Educational Sciences and Human Movement, University of Palermo, Italy; Department of Clinical Psychology and Psychotherapy, Ruhr-University Bochum, Bochum, Germany","Salerno L., Department of Psychology, Educational Sciences and Human Movement, University of Palermo, Italy; Fortunato L., Department of Psychology, Educational Sciences and Human Movement, University of Palermo, Italy; Ostwald V., Department of Clinical Psychology and Psychotherapy, Ruhr-University Bochum, Bochum, Germany; Muscolino A., Department of Psychology, Educational Sciences and Human Movement, University of Palermo, Italy; Coco G.L., Department of Psychology, Educational Sciences and Human Movement, University of Palermo, Italy","There is still no scientific consensus on the relationship between problematic social media use and its negative consequences for adolescents’ well-being. This study aims to identify common trajectories of problematic social media use over time in a sample of adolescents, and to identify the demographic and psychological factors associated with different empirical profiles. This four-wave longitudinal study involved 403 adolescents (age range: 13–18 years; Mage = 15.73 ± 1.22; 51.9% females). Participants provided demographic and social media use data (i.e., social media addiction, frequency of social media activities, time spent on Instagram and TikTok) as well as measures of psychological factors (i.e., psychological distress, emotion dysregulation, self-esteem, perceived social support, online social comparison). Parallel latent class growth analysis (LCGA) categorised participants into three classes. Participants in class 1 (‘most vulnerable group’; 25.56%) showed a more impaired functioning profile, with a stable problematic pattern of social media use (i.e., high levels of social media addiction and time spent on TikTok). Multinomial regression models showed that factors associated with this pattern were low social support, high online social comparison, and SMU intensity. Our findings suggest that the role of social interactions (both online and offline) and social comparison tendencies should be further explored as markers of problematic social media use. © 2025 Salerno et al. This is an open access article distributed under the terms of the Creative Commons Attribution License, which permits unrestricted use, distribution, and reproduction in any medium, provided the original author and source are credited.","","Adolescent; Adolescent Behavior; Female; Humans; Longitudinal Studies; Male; Self Concept; Social Media; Social Support; adolescent; adult; Article; distress syndrome; emotion; emotional stress; female; human; illness trajectory; longitudinal study; major clinical study; male; psychological aspect; self esteem; social comparison; social interaction; social media; social media addiction; social support; wellbeing; adolescent behavior; psychology; self concept","Public Library of Science","19326203","","POLNC","40531812","English","Plos One.","Article","Final","All Open Access; Gold Open Access; Green Open Access","Scopus","2-s2.0-105008506041"
"Ibrahim F.; Herzberg P.Y.; Stöven L.M.","Ibrahim, Fabio (57217847787); Herzberg, Philipp Yorck (6507288994); Stöven, Lynne Marie (57220991122)","57217847787; 6507288994; 57220991122","Feeling phony online – The impostor phenomenon's link to online self-presentation, self-esteem, and social network site use","2024","Acta Psychologica","248","","104342","","","6","10.1016/j.actpsy.2024.104342","https://www.scopus.com/pages/publications/85195661984?origin=resultslist","Department of Personality Psychology and Psychological Assessment, Helmut-Schmidt-University, Germany","Ibrahim F., Department of Personality Psychology and Psychological Assessment, Helmut-Schmidt-University, Germany; Herzberg P.Y., Department of Personality Psychology and Psychological Assessment, Helmut-Schmidt-University, Germany; Stöven L.M., Department of Personality Psychology and Psychological Assessment, Helmut-Schmidt-University, Germany","This study examined the relationship between the impostor phenomenon, self-esteem, online self-presentation, and social network site usage across Instagram, Facebook, TikTok, LinkedIn, and Tinder. The sample consisted of n = 541 individuals (46 % men; Mage = 27, SDage = 8.5). In addition to demographics, quantitative social network site use metrics, and self-esteem, the impostor expression emerged as an incremental predictor for the online self-presentation facets adaptable self (β = 0.26, p < .001), authentic self (β = −0.29, p < .001) and freedom of self online (β = 0.25, p < .001). Self-esteem partially mediated the impostor expression's effect on the authentic self. Findings suggest that a high impostor expression links to lower online authenticity, higher online self-adaption, and a preference for online communication and self-presentation. © 2024","Impostor phenomenon; Impostor-Profile; Instagram; Online self-presentation; Self-esteem; Social network sites","Adolescent; Adult; Female; Humans; Male; Self Concept; Social Media; Social Networking; Young Adult; adolescent; adult; female; human; male; self concept; social media; social network; young adult","Elsevier B.V.","00016918","","APSOA","38870691","English","Acta Psychol.","Article","Final","All Open Access; Gold Open Access; Green Open Access","Scopus","2-s2.0-85195661984"
"Martínez-Iniesta E.; Montenegro-Espinosa J.A.; Bizzozero-Peroni B.; Olivares-Arancibia J.; Yáñez-Sepúlveda R.; Duclos-Bastías D.; Panisello Royo J.M.; Mesas A.E.; López-Gil J.F.; Jiménez-López E.","Martínez-Iniesta, Estefanía (59728476600); Montenegro-Espinosa, José Adrián (58814330900); Bizzozero-Peroni, Bruno (57223233433); Olivares-Arancibia, Jorge (57205271934); Yáñez-Sepúlveda, Rodrigo (57191875417); Duclos-Bastías, Daniel (57211752928); Panisello Royo, Josefa María (6506155528); Mesas, Arthur Eumann (22955731300); López-Gil, José Francisco (57211391916); Jiménez-López, Estela (57193238919)","59728476600; 58814330900; 57223233433; 57205271934; 57191875417; 57211752928; 6506155528; 22955731300; 57211391916; 57193238919","Associations of social network use and social network addictive behaviors with self-esteem in adolescents: the EHDLA study","2025","Frontiers in Psychiatry","16","","1499679","","","2","10.3389/fpsyt.2025.1499679","https://www.scopus.com/pages/publications/105002184511?origin=resultslist","Health and Social Research Center, Universidad de Castilla-La Mancha, Cuenca, Spain; One Health Research Group, Universidad de Las Américas, Quito, Ecuador; Instituto Superior de Educación Física, Universidad de la República, Rivera, Uruguay; AFySE Group, Research in Physical Activity and School Health, School of Physical Education, Faculty of Education, Universidad de Las Américas, Santiago, Chile; Faculty Education and Social Sciences, Universidad Andres Bello, Viña del Mar, Chile; iGEO Group, School of Physical Education, Pontificia Universidad Católica de Valparaíso, Valparaíso, Chile; IGOID Research Group, Faculty of Sport Science, University of Castilla-La Mancha, Toledo, Spain; DigimEvo, Barcelona, Spain; Centro de Investigación Biomédica en Red de Salud Mental, Instituto de Salud Carlos III, Madrid, Spain","Martínez-Iniesta E., Health and Social Research Center, Universidad de Castilla-La Mancha, Cuenca, Spain; Montenegro-Espinosa J.A., One Health Research Group, Universidad de Las Américas, Quito, Ecuador; Bizzozero-Peroni B., Health and Social Research Center, Universidad de Castilla-La Mancha, Cuenca, Spain, Instituto Superior de Educación Física, Universidad de la República, Rivera, Uruguay; Olivares-Arancibia J., AFySE Group, Research in Physical Activity and School Health, School of Physical Education, Faculty of Education, Universidad de Las Américas, Santiago, Chile; Yáñez-Sepúlveda R., Faculty Education and Social Sciences, Universidad Andres Bello, Viña del Mar, Chile; Duclos-Bastías D., iGEO Group, School of Physical Education, Pontificia Universidad Católica de Valparaíso, Valparaíso, Chile, IGOID Research Group, Faculty of Sport Science, University of Castilla-La Mancha, Toledo, Spain; Panisello Royo J.M., DigimEvo, Barcelona, Spain; Mesas A.E., Health and Social Research Center, Universidad de Castilla-La Mancha, Cuenca, Spain; López-Gil J.F., One Health Research Group, Universidad de Las Américas, Quito, Ecuador; Jiménez-López E., Health and Social Research Center, Universidad de Castilla-La Mancha, Cuenca, Spain, Centro de Investigación Biomédica en Red de Salud Mental, Instituto de Salud Carlos III, Madrid, Spain","Objective: The aim of the present study was to examine the relationships of social network (SN) use and SN addictive behaviors with self-esteem in Spanish adolescents. The use of specific social media platforms and their associated addictive behaviors related to self-esteem were also evaluated. Methods: This cross-sectional study used secondary data from the Eating Healthy and Daily Life Activities (EHDLA) project, which included a representative sample of adolescents aged 12–17 years from the Valle de Ricote in the Region of Murcia, Spain. The sample consisted of 632 adolescents. Addiction and SN use were assessed via the Short Social Media Addiction Scale, and self-esteem was assessed via the Rosenberg Self-Esteem Scale. Generalized linear regression analyses with Gaussian distributions were conducted to calculate unstandardized beta coefficients (B) and their 95% confidence intervals (CIs). Sociodemographic, lifestyle, and anthropometric data were included as covariates. Results: In terms of SN use, Instagram was the most accepted, in contrast to Facebook, which was the least used. The most notable addictive behaviors toward SN use included salience (i.e., when using SNs is the major concern and the priority motivation) and tolerance (i.e., when increasing use is desired). Furthermore, self-esteem levels decreased as adolescent’s addiction levels increased. In the adjusted model, an increase in each addictive behavior was associated with a significant decrease in self-esteem (B = -0.699; 95% CI -0.890 to -0.508; p < 0.001). Individually, there was a negative and significant association between Twitter use and self-esteem (B = -0.356; 95% CI -0.695 to -0.017; p = 0.040). With respect to addictive behaviors toward SNs, mood modification showed the strongest negative association with self-esteem (B = -2.580; 95% CI -3.192 to -1.968; p < 0.001), followed by conflict (B = -1.410; 95% CI -2.147 to -0.673; p < 0.001), relapse (B = -1.350; 95% CI -1.999 to -0.701; p < 0.001), tolerance (B = -0.928; 95% CI -1.596 to -0.260; p = 0.007), salience (B = -0.892; 95% CI -1.623 to -0.161; p = 0.017), and finally, withdrawal behaviors (B = -0.170; 95% CI -1.905 to -0.435; p = 0.002), all of which were significantly negatively associated with self-esteem in adolescents. Conclusions: SN use and SN addictive behaviors could significantly affect adolescent’s self-esteem. The findings suggest that the use of Twitter and certain addictive behaviors, such as tolerance, salience, mood modification, relapse, withdrawal, or conflict are particularly linked to lower self-esteem. These results highlight the need to develop strategies aimed at promoting healthy engagement with SN platforms and fostering adolescent’s psychological well-being. Copyright © 2025 Martínez-Iniesta, Montenegro-Espinosa, Bizzozero-Peroni, Olivares-Arancibia, Yáñez-Sepúlveda, Duclos-Bastías, Panisello Royo, Mesas, López-Gil and Jiménez-López.","addiction; adolescent behavior; psychological well-being; self-concept; social media; youth","addiction; adolescent; analysis; anthropometric parameters; Article; body mass; child; cross-sectional study; Family Affluence scale; female; human; lifestyle; Likert scale; major clinical study; male; Mediterranean diet; physical activity; questionnaire; Rosenberg Self-Esteem Scale; school child; self esteem; Short Social Media Addiction scale; social network; sociodemographics; socioeconomic parameters","Frontiers Media SA","16640640","","","","English","Front. Psychiatry","Article","Final","All Open Access; Gold Open Access; Green Open Access","Scopus","2-s2.0-105002184511"
"Behera N.; Khuntia S.; Pandey K.; Shankar S.","Behera, Naresh (59347483500); Khuntia, Sipra (59703772200); Pandey, Kavita (55831345000); Shankar, Shail (55832458100)","59347483500; 59703772200; 55831345000; 55832458100","Impact of Social Media Use on Physical, Mental, Social, and Emotional Health, Sleep Quality, Body Image, and Mood: Evidence from 21 Countries—A Systematic Literature Review with Narrative Synthesis","2025","International Journal of Behavioral Medicine","","","","","","3","10.1007/s12529-025-10411-9","https://www.scopus.com/pages/publications/105022850466?origin=resultslist","Banaras Hindu University, Varanasi, India; Ravenshaw University, Cuttack, India; Indian Institute of Technology (BHU), Varanasi, India","Behera N., Banaras Hindu University, Varanasi, India; Khuntia S., Ravenshaw University, Cuttack, India; Pandey K., Banaras Hindu University, Varanasi, India; Shankar S., Indian Institute of Technology (BHU), Varanasi, India","Background: Worldwide, 63.7% of people use distinct social media (SM) platforms. Facebook, Instagram, Twitter, and YouTube Shorts/Reels are highly popular among users, and the frequent use of these SM platforms has an adverse effect on their health and well-being. This systematic literature review (SLR) aims to determine the impacts of distinct SM platform use, including Facebook, Instagram, Twitter, and YouTube Shorts or Reels, on overall health, sleep quality, body image, and mood. Method: The records were searched across ten major databases (PubMed, Google Scholar, Scopus, Web of Science, ProQuest, DARE, CINAHL, Embase, UGC CARE I, and PsycINFO), as well as specific journal websites and citations. Papers published between January 2010 and August 2024 in the English language, with a quantitative approach, and in peer-reviewed journals were preferred. Records were screened and extracted following the PRISMA guidelines and evaluated for risk of bias using a quality assessment tool. The findings were synthesized narratively to integrate evidence across diverse study designs and outcomes. Results: In this SLR, we have synthesized findings from 57 studies comprising 571,427 participants. The findings revealed that daily social media use (SMU) is associated with increased stress, anxiety, depression, loneliness, and poor sleep quality. At the same time, it is linked to reduced self-esteem and life satisfaction. SMU is positively associated with several physiological issues, including burning eyes, wrist pain, neck and shoulder pain, chest pain, stomach pain, nausea, headaches, and muscle pain. It increases the sense of isolation from family and society while decreasing executive functions and prospective memory. It also negatively impacts academic performance, body image, mood, and well-being in adolescents and young adults. Problematic social media use (PSMU) reduces emotional regulation while increasing procrastination and perceived stress. Instagram users report more PSMU than Facebook users, while depressive individuals prefer Twitter over Instagram and Facebook. Conclusion: Frequent usage of SM platforms leads to an increase in the PSMU, which further affects mental, physical, social, and emotional health, sleep quality, body image, and mood. © International Society of Behavioral Medicine 2025.","Body image and mood; Emotional health; Mental health; Physical health; Social health; Social media","","Springer","10705503","","IJBMF","","English","Int. J. Behav. Med.","Review","Article in press","","Scopus","2-s2.0-105022850466"
